"id","idade","altura","peso","anos_estudando","filhos","salario"
1,29,161.918492131609,62.3262699185719,17.1326209820272,1,21959.2735377885
2,30,168.378695312236,62.9694205962172,15.3399671823353,1,17645.711015963
3,32,167.864697697822,77.8081937986788,15.5614477054789,1,18657.8052427635
4,37,152.82992903714,62.1788570971846,16.5263429848167,1,20493.3191645888
5,32,177.755139915873,71.0795703472804,13.3193818406038,2,15941.3897045917
6,41,160.260694663031,50.8078336595907,16.4426326931494,1,26883.4336079566
7,43,174.186430153752,64.6556926166526,15.6152448185018,2,19020.7639163973
8,42,160.259035045615,66.3730735513999,14.0511323602008,2,23616.9083830124
9,38,161.945659812969,62.700000874416,16.1172185691511,1,23548.1896111759
10,45,164.876616730022,72.3694091307801,17.7479308882891,2,24772.7893304931
11,34,165.600008833983,63.9752730605225,14.6749181403932,2,17760.8526647595
12,36,166.296443506278,67.0117410327799,16.8470293027579,1,26417.1462986218
13,32,163.352412870454,65.2099636217581,18.9301894543214,1,17618.6350553954
14,34,159.234453433651,61.7704715430397,16.573558307752,1,24122.7710282638
15,31,163.828615041716,69.7113186555009,14.659451292421,1,20193.0657698174
16,36,159.166785391787,65.7591516725844,17.5484692583615,1,19301.5439429885
17,45,162.562852726328,60.4662455938965,14.1490255733192,1,21299.4544516698
18,51,172.659756403291,72.6632536815508,17.2231156379414,1,26699.0222015714
19,35,170.168700337504,69.5821656550897,17.2738030222523,1,27646.9417505533
20,32,153.998838198536,54.4947189169743,15.2856417613802,1,17701.7152595494
21,23,171.971652159066,77.9841214932786,15.5740622081142,0,15717.6571558405
22,37,172.160778373704,74.9058293249926,13.7606976959668,1,21048.448772624
23,33,165.007597700826,64.2117403381085,16.4890137962436,1,24254.5277046082
24,27,169.9137595219,67.4681586787847,16.5370206625285,1,19123.0973906799
25,27,149.426423879205,62.5110024126164,15.8051866991789,1,17117.2042172092
26,29,171.815514438738,72.4946451954227,17.8835430813886,1,17658.1836020518
27,45,177.736210702707,68.8783893820449,15.4402080877672,2,21900.3523026866
28,30,161.201168707294,57.4694258877777,17.4138954626125,1,17968.7438268398
29,27,165.412710446383,66.8479968216166,15.5017833736199,1,24776.6775283622
30,30,164.235961673957,66.9408292720771,15.8991320181757,1,22450.1091436277
31,40,163.711477167746,62.5665015037497,16.6654969683098,1,28652.9006014228
32,35,160.680988551114,55.448777407602,16.0249789165295,1,21096.3699419327
33,36,159.56805459499,59.7514340205926,15.134993372586,1,24238.2172933295
34,38,172.613606862047,67.9336120222394,17.4289712416819,1,23981.374272139
35,32,161.236963045058,60.4267409852352,14.6833223112212,1,16932.6754545182
36,36,171.821336826893,61.7481764627558,15.3175772477289,1,16165.5643814664
37,41,162.150276984416,62.4733399446544,15.8088390252158,2,21667.1862296112
38,38,157.509963713863,58.2739105419289,15.5606812561248,1,23989.8505069581
39,37,156.345015509931,46.5399979530227,18.3962389828214,1,22411.6479950364
40,33,154.013684984287,41.0741193099322,16.0779506424391,1,19575.2007848659
41,29,163.996481918737,58.5354454766422,15.2682092256618,1,19144.4670593014
42,32,157.584240482324,68.1397150726332,14.8422640787938,1,24079.5232731703
43,34,172.365943796132,66.9208171682883,15.6627624617942,1,20335.7829308762
44,35,160.785221714089,59.274002653829,17.0963413179649,1,23657.5013314298
45,38,167.659520961374,61.7507394205242,16.2414222995423,2,22161.2101775959
46,46,161.672658031788,66.7167993798089,16.7557806799117,2,28112.2809565353
47,26,169.139235566087,73.185572925237,18.7865477160452,1,17406.655860543
48,30,154.679401421586,57.2036656577,12.3724221115144,1,14735.0408229769
49,29,153.834424147733,57.2158970932795,13.2723859088503,1,24345.2592582025
50,28,175.501716891738,59.3264228763084,17.112566218286,1,14949.7915615736
51,42,161.919260889742,66.6186040960354,17.0538825345236,1,23449.1980681934
52,35,163.649125972272,65.8795398349375,13.2619725136492,1,18457.9617046272
53,36,169.953941377108,71.6016028719506,16.780951436341,1,19278.9134297253
54,31,153.311738415187,69.6618225886046,17.1756642109766,1,17926.2216458465
55,26,169.704860532503,61.0734374500609,14.6711604280869,0,17570.5077021499
56,56,159.983590555478,58.3266817960996,16.2406905650713,3,27408.5681213575
57,41,166.170598423826,67.0120915275832,18.9518484185392,2,19567.3844502022
58,32,177.197709537428,82.7176838709919,16.2529442774105,0,23895.1094808169
59,38,152.127411537626,53.8510925542917,16.2285035426814,1,18618.061154024
60,24,169.959631362128,66.7807516524277,17.6075393952375,1,19374.2428732096
61,37,155.726123691467,66.4386800298722,16.891886636891,2,21910.4276510839
62,39,164.870578385558,71.2507014628409,15.5662752959647,1,20763.938057177
63,40,178.356138170981,69.9813326621856,16.9951620971612,1,27330.2358934675
64,34,164.684675466957,69.0336286118556,18.5583619368864,1,20862.8460180887
65,40,167.508219907592,63.9915323736213,19.0763061299937,1,25521.5945388461
66,37,155.419279860776,54.9306901555467,16.0638385506834,1,22483.5005379966
67,29,165.73956449717,72.3415055894523,16.7511695526414,1,22409.2196818445
68,33,155.40365727133,59.1999272891639,16.6999574360085,1,18658.9853833681
69,33,159.17915170876,67.2166867821655,15.805540645472,1,16429.29240299
70,51,153.842671776841,69.8834681628126,15.3716537714119,3,24649.9701485081
71,27,162.601673700481,71.5389434339602,14.4497944958749,1,21573.2842647424
72,43,167.964135195662,70.5519397143833,16.4858066510819,2,18216.295201119
73,31,161.134330072876,49.5338957996882,14.8200508522608,0,20369.2794962736
74,38,158.585704787919,62.8339123553712,15.8579723656006,2,18128.0219622481
75,36,172.743946958357,71.2182800053182,17.23863953035,1,23708.1709608478
76,30,168.857390209429,76.2204713326023,17.3361112987886,1,20412.0159820393
77,32,164.920635299796,58.3378738551815,16.6457083153537,1,21378.0545175238
78,51,167.814343166137,61.310134740696,16.2640203095431,2,28595.4648957287
79,40,171.662141240173,65.3271912389058,17.8138840144291,2,23800.5626501208
80,32,170.337397138959,71.0475185417509,15.9638045076882,2,18651.0932430623
81,39,156.865675169368,63.4460636859985,15.9941057773973,1,25049.0013708262
82,30,146.352102898945,57.078891497866,16.3561083017078,1,21324.26725586
83,42,169.194773863634,63.7677927494771,17.0655082529412,1,20874.3582237165
84,37,169.068239988056,61.0350253771305,16.7213110466774,1,20963.7497291137
85,24,157.832138901335,54.5101607881066,15.9548608925434,1,21200.1976248029
86,36,163.646276294278,60.8504533483519,14.6416612737849,1,23388.5036567151
87,36,164.726751232968,61.2834119114055,15.4017047870205,1,22975.4111896705
88,39,165.05392941437,67.216814129745,15.5648013029429,2,15334.1983726984
89,28,171.119174384336,61.4218553852076,14.9012973813679,1,20449.9234916626
90,34,179.50767751295,70.1639711667333,14.280304145007,1,20461.3491234742
91,37,157.427320738828,53.0540923045438,17.4699016165474,1,21552.8753592336
92,26,171.473716388593,71.6778708553128,14.8648211547241,1,14379.7983586176
93,28,158.535847823293,60.5104825937243,16.6512047867295,1,17096.2213992547
94,35,172.398148613125,68.7129042212836,14.6174552051513,1,19378.0321780349
95,33,168.826371563813,54.57823045878,15.048268987771,1,17137.6451860625
96,34,155.367455016905,53.8883222715532,14.9372002737409,1,16618.6336936723
97,28,160.263473395656,63.2069011052097,16.1901263784694,1,15461.8228899792
98,37,159.554329436551,69.8758797896915,15.4282342082673,1,28071.5906996608
99,37,162.230121021943,55.7955773569266,15.050646801187,1,28705.8081174733
100,32,164.233501733694,62.6569669266602,15.6490268392277,1,18236.0212122923
101,33,176.184800360423,75.1081717759002,17.5000112606315,1,20123.7597140421
102,30,168.733292488211,74.6402516166521,16.6738817916181,1,19817.2260275312
103,42,177.112055467713,63.0076730026238,15.3732620272907,2,17949.5315902748
104,34,159.680149014671,61.4189587476445,14.0488852688103,1,23124.0701654549
105,33,166.688783724791,66.5005468329498,16.8494063572789,1,13314.3774922711
106,32,156.565189806701,61.7023283631425,18.005395169005,1,21738.1575361429
107,39,142.299843889897,49.2696103661805,15.9771278155145,1,23184.9291066985
108,24,170.722668500804,62.3334854322348,14.0978084326839,0,17924.4307139385
109,36,165.947350231245,69.6711004512265,15.4942351163947,1,19579.4865670111
110,35,161.021564119774,52.9427337266376,15.6248228202001,2,26293.2209559508
111,33,175.002796286858,64.3980520488013,16.6327901215272,1,26507.7892515105
112,47,165.70414166903,66.6639918397726,16.8271888774243,2,24534.1640531722
113,37,162.920228333803,60.7655809524988,18.2936352215207,1,22552.8457361023
114,49,177.323356370061,80.872901438557,14.2559283838069,2,27707.2931353207
115,34,179.424373391287,79.8680020908446,16.6484250912107,2,18993.6171836044
116,37,174.292780211654,68.0352113986774,15.3964454774306,1,19528.8110858591
117,29,151.308308129609,59.531727450532,15.4139393819014,1,19838.7410640436
118,39,169.322241020326,65.3292069873835,17.2167568824872,1,22925.8883993551
119,32,166.196929849184,70.2577470527776,14.0577432617857,1,21943.1852255551
120,24,158.778645762897,61.6321541741292,15.0041465939914,1,21022.5509194143
121,27,173.861836930392,75.8108009322792,16.1528323682767,1,11507.1286506617
122,33,167.053655707153,77.045990904488,16.992761185506,1,21641.5513410554
123,28,158.506044013389,69.8828820523396,19.7788331920294,0,17599.7553843926
124,31,166.533073435578,53.5475878875818,15.7761457900087,1,19798.4607643216
125,23,156.56219456474,55.3884576129948,15.4319495885028,0,14967.8211228955
126,42,166.671009917265,66.6108905800754,16.7236991833031,1,19467.2236173159
127,31,161.100950929784,64.1044287964868,16.3910876413096,1,16823.4817332558
128,28,148.476758541138,57.5362209493322,16.2276087070352,1,15485.9368775518
129,36,159.887200240993,58.2318752355978,17.1983630510676,1,21311.8756206081
130,32,177.47991656859,63.7876405766091,14.9084801906823,1,21124.3312751448
131,35,173.009511785528,65.9349124569746,16.0529573627148,1,21913.7928674363
132,42,166.152715018692,65.2469960058578,18.3082463892612,1,26078.9025232013
133,44,162.533190145831,62.1011290216163,17.70474028264,2,28552.2436816667
134,34,169.275336220419,66.6880940700276,18.1103549201938,1,14512.4748446004
135,39,181.488857887331,73.197557759215,18.0386134314937,2,21944.5888252585
136,32,168.632123597593,72.2242171557118,18.0063533977959,0,19915.4143539494
137,35,170.07008521317,71.5828395213348,15.1297773388154,1,25730.781545746
138,41,165.468824373655,68.6922800956793,16.4694276363888,2,22299.9989751406
139,31,158.229251305089,54.630043787617,16.503874369113,1,17205.806923968
140,33,153.086289683484,51.1662771266582,16.9388377873372,1,20576.8756896547
141,41,156.910926771992,60.5307113797351,14.9155164546633,2,23389.9268986691
142,36,169.030583067127,67.8547473200798,16.9064341365058,1,21617.5940509548
143,31,173.963867847693,69.997188749948,16.8500116570711,1,18404.0575587594
144,34,159.289322445435,57.0802523557796,17.8582365701995,1,21055.1179835567
145,46,162.188084537232,57.0119137236888,16.2831309394426,2,22796.4684660108
146,32,174.768304381024,70.4445638675188,15.8719332160637,1,15255.1937242402
147,38,156.616490761405,50.8464199881422,18.644042176933,2,23970.7730160934
148,47,167.057222497858,65.3134021639053,14.6997338181461,3,24688.9318197522
149,39,167.783271162295,66.7115867622938,14.2543502425897,1,19538.8011385869
150,36,170.623671654727,58.1796734934149,16.6172370868074,2,17760.403427298
151,33,152.249497929008,51.653160320452,17.1289426590514,1,27636.0723894691
152,38,156.830474150216,62.8038544812538,14.4904734107743,1,28134.2738630257
153,43,161.439263450347,62.2679845364975,18.9691808706787,2,22971.6209352998
154,22,168.204675330157,67.7803735577057,15.4772059121957,0,17196.9320125735
155,36,164.164311755627,67.733428735533,16.6930910567364,1,23615.0864507461
156,32,165.394953323346,57.6882069984292,13.221793323753,1,19325.6162344945
157,34,148.370835565556,57.6573488275705,17.891292758694,1,23282.3651430402
158,38,171.780930119941,65.4493578932271,14.689272325858,1,24076.2925953261
159,36,155.773309012706,59.9986181899477,15.1347043771751,2,18338.1271297652
160,38,156.111936796745,65.8504745469499,13.7811763178705,2,18526.2834002292
161,43,159.841759696837,70.5061824099783,15.3530668516659,2,24389.5518457395
162,29,154.578335629894,55.3714446664551,15.0853296491266,0,22247.4869286882
163,36,162.250393722399,70.7153144260587,15.8476718320922,1,16014.5945644276
164,30,175.928605817955,60.2445035366735,17.9610926402349,1,22428.7940306371
165,38,164.825804643007,56.394489170689,16.3635787948004,1,21657.8948353951
166,26,180.157001027886,74.5220960856508,15.8988967027094,0,21515.7042041828
167,30,161.172933291784,55.9585781331913,15.0035303635587,1,19191.4774927797
168,37,175.782036338271,70.2096107692855,16.7102593670534,1,24681.8812672292
169,43,161.385563595228,60.7125070877661,13.9748448715921,1,19782.2172632366
170,22,170.950390734855,73.1842394684868,13.6149364528578,1,19351.4123446489
171,28,167.687257838872,68.6868361260988,15.621408635801,1,23751.5882644008
172,56,157.742924982348,61.9155907484663,17.2088762983247,3,21650.5367232243
173,32,168.384429183999,67.623007782327,16.2257515297147,1,17018.4316952692
174,31,169.621377245165,69.8480447500156,13.6508694312425,1,19521.670529327
175,42,163.779453055214,67.083823188228,15.3356934159229,2,16970.4188128634
176,37,164.159544817395,64.1573729669908,14.2513732731488,2,20156.3938425683
177,35,173.455538324556,63.1463458672673,15.6115156382731,2,16549.3809548739
178,40,170.801626949848,65.575794917099,14.7938520889371,1,22632.0404805916
179,33,164.630799572873,64.5113986022689,18.5719116335019,1,18872.4910184723
180,37,159.960751346874,51.7317432014585,15.7974415111125,1,20682.3890701232
181,31,174.150125650906,81.0935982417842,14.8232617839216,1,19559.2647118529
182,26,165.406121291698,66.4357209965891,15.5985797770594,1,16494.6227799143
183,40,159.313184906578,67.1888096877063,16.5706754264395,2,24320.7033683219
184,37,161.700728866266,60.2348959213256,15.8675815393102,2,24547.4362306816
185,29,167.506001064945,58.7117826206547,17.0876655060652,1,20009.3452944684
186,36,164.174173064434,69.4126200254859,16.7592434443819,2,19603.3191331107
187,31,169.221252065324,60.7181753297789,14.4806232085253,1,18600.290078832
188,37,171.410582668058,69.8721549171561,15.5524229987639,1,20980.1201636194
189,37,172.537655147005,72.3817907445535,15.6443559588377,1,23358.4780412693
190,40,177.451043477846,74.9620557177644,17.380835812233,2,16846.8032704777
191,26,162.361242179611,62.2465930054115,16.6088374837977,0,16956.5056247632
192,31,146.695988274661,59.6918738453096,15.6949060949611,1,21397.3564611721
193,22,178.5735614972,83.3494634700533,15.7840010146447,0,17271.2927289244
194,44,165.642061304626,72.0186085755464,17.1340701347782,2,18693.7386136558
195,33,164.342218664772,64.2932149068162,14.8908538102449,1,19567.2484831623
196,43,164.434387668256,70.0641679898945,15.4364076115975,3,22025.9438557497
197,46,161.875519126829,63.1170802562161,15.7349265085523,2,25675.6121054014
198,34,153.881599233851,67.4426902409658,13.2896387881018,1,22114.9326757482
199,31,162.934957948666,62.2677062213621,14.3230256631521,1,18553.6395149063
200,39,166.952039173215,77.1408442784916,15.595272232467,2,21814.4585098285
201,42,168.121435182339,66.2441013511509,17.065468449077,2,24021.5832600408
202,27,174.336346628993,78.6977579153439,16.0642691433023,1,14636.3916370145
203,41,166.980845244052,69.5241132082893,12.9976059555558,1,21625.2425055456
204,30,174.859500337473,71.6433586305017,14.4464005480492,1,19908.9111654601
205,40,167.38573336168,61.5505066080534,15.7546451015545,1,23418.1581238847
206,26,163.0506055874,68.0894964877818,16.5099411154443,0,20484.9707299595
207,35,161.654308556095,60.9770647042083,13.5024441158799,1,20209.5785360845
208,36,163.133124180097,67.1870291651148,16.4458891710272,2,17183.9355191498
209,40,165.021937225328,64.2766524281134,17.0064126031088,2,21389.5091489705
210,27,180.922116212118,69.6786962544881,15.6510025519291,1,15935.1280574217
211,31,177.260238827359,71.36964186636,17.8412135312895,1,21241.6134736172
212,27,156.773705074641,65.2661848427827,14.4261688108237,1,16956.92987367
213,32,160.339614475721,64.7407230561603,15.1541962040513,1,22778.6398054442
214,40,167.776222286027,47.6602633367721,18.0240327721806,2,19497.7219127142
215,28,160.974811184853,59.4618728266888,17.4376109942636,1,17178.8820306309
216,31,162.161399241704,71.0420650564745,16.255835163401,0,22107.5111407756
217,35,153.95904764034,58.1087181360077,15.385665062437,1,18922.7259272149
218,31,181.875953859759,83.1374404222841,14.7013465582241,1,21730.8660951879
219,32,158.554461891452,60.0697270792512,17.4051457642125,1,20878.3664320574
220,32,163.07455163535,56.8762927579751,16.0592329403692,2,22206.1407446956
221,31,178.791482019268,80.2727817564714,15.6681780982851,1,16828.9591165391
222,38,165.492029751335,66.1088499601487,18.066284980377,1,19712.1595770307
223,26,168.8748396405,50.581333956032,16.747412924885,0,18992.7657932902
224,24,170.780754731306,62.1448947530847,14.5880132805363,0,13621.6029849411
225,30,164.460840017758,66.0104384605969,15.9165729613978,1,18192.263584873
226,22,160.225211676257,64.8957202782109,15.4233000705432,0,18286.429272249
227,37,178.226854134108,69.8028607567808,12.8966825406634,1,21485.2441809161
228,33,157.824006027396,65.5396100981607,12.5308265621488,1,19415.1012906236
229,27,170.896507269252,71.5227182542233,18.0227049163002,1,16239.9700876547
230,43,171.416380282937,56.0651887161132,18.0717805961928,2,21169.4332437541
231,33,160.968475566117,60.2672431688443,15.0658879098632,1,24035.2479707426
232,31,163.832926088176,59.2517350601886,13.6634762964846,1,18231.3863978252
233,38,172.526964195617,72.5362921582142,17.1061747987275,1,21236.2015840525
234,26,171.084551994475,70.4902882114054,16.4485787823884,1,18544.7294443964
235,34,169.090802088017,69.1668165684082,15.5506601506794,2,17247.1236640095
236,32,170.418778317621,63.0214249580147,15.4162229979152,1,19012.7097779423
237,42,163.592262197571,71.7865463473717,17.2737135196801,2,22184.5496324084
238,26,183.345232315536,70.9156554125323,14.8909267309249,0,16237.1892137572
239,31,178.612991569221,73.1209981942556,15.5109572971167,1,22869.1668985676
240,29,175.814975908081,70.3522360150783,16.297681912722,1,17412.9470377524
241,46,170.278954714578,70.89710985882,15.1466624261899,2,21783.7844786073
242,36,174.148069693098,66.171254389249,18.3735172336491,1,15607.5401857074
243,47,164.382374926167,70.8879592987275,15.9980154187864,2,28193.7406698976
244,33,159.82583041497,65.0741565483473,13.8259924395784,1,26645.9437329003
245,33,168.292350018912,71.0164283078999,16.2272481209175,1,20484.44619482
246,35,184.327944777611,73.3564897636919,17.5339546528,1,17730.1167196875
247,31,166.207741910957,69.2826064656762,14.7924324169137,1,23493.764812221
248,33,157.315211304514,53.0412704733965,15.2865992811486,2,22181.9025534182
249,41,181.733406833162,73.1335305350724,15.3889737166797,2,25368.893457414
250,33,167.74799910464,71.1444395206422,16.4062913185446,1,26051.4932193945
251,38,178.398761129433,73.6721033062121,18.6456509272502,2,21866.1184524807
252,45,163.655151636431,70.3911936573301,14.7683894642219,2,21570.3207299092
253,35,166.101399509415,54.4301412609917,15.7280017467011,2,15568.3736092607
254,27,163.831221605911,62.3404238198731,17.0147785854764,1,11805.8325231001
255,31,159.014390203561,59.1477125934346,15.7811573240253,1,16485.2048161666
256,31,187.243107511958,74.1685444711487,13.9116969054694,0,17310.5543798958
257,51,160.546349627025,70.2526786835645,18.3484755346769,2,30453.9922311855
258,32,160.793121487573,62.0341998560862,13.2509521869379,1,19856.6533008408
259,31,154.853586062436,46.2118234470964,17.9844225407498,1,24326.1237924986
260,34,156.309253184861,74.1633741578194,15.4892504074206,1,24155.963364188
261,41,163.441914540986,70.4643541621028,17.690469716124,1,25871.721742331
262,40,168.559007938216,63.7846975814731,14.2359135726338,2,17194.9955142058
263,27,166.216333797379,63.4924821182084,17.8616223040692,1,18274.9883203121
264,38,171.341625072103,67.1125907464712,12.531639107257,1,24853.6298046424
265,45,161.756996979143,67.7954700168561,17.6561132195546,2,24240.4244088713
266,40,168.162187914361,59.2391084018799,14.0152614332347,1,23897.8898354849
267,39,147.312579661837,61.42296740731,16.7636653905484,2,18975.6175422095
268,44,163.111783941751,73.2027733841821,15.5708126569057,2,26417.7307118548
269,39,166.289077397057,79.0770445543907,16.4371533595074,2,20400.5032946216
270,48,159.926758127631,60.5031542437501,16.429279001492,2,25394.6698005196
271,44,171.557440828835,69.3950603665368,15.1884442417604,2,23104.9788998624
272,39,155.684831607702,62.4253680024456,16.4639975375654,2,22801.4266402409
273,30,150.437059677804,64.5999843880919,18.7176209878948,1,17233.4843787138
274,39,168.844801102519,69.1562756649241,16.0457913332447,1,24559.8505033335
275,28,162.547278990371,61.6431629855314,13.6256951832017,1,21745.6097698255
276,28,165.601505579572,54.9173967010465,16.6437531351173,0,22043.9625568266
277,25,165.835472823816,70.1641788894191,15.850797702906,1,16564.6847564254
278,33,159.813004169048,57.0449377136657,17.9258707972349,1,18838.8211520241
279,33,159.709909343672,58.2814303148666,17.4750312053689,1,19187.3996596406
280,28,164.86321595431,60.6124693234683,14.2673590154458,1,19733.548200174
281,43,165.571447696226,61.1731525907942,14.5772482478494,2,25550.4847464886
282,27,164.442538364656,63.7114748626746,15.0076731979014,0,19361.2130955489
283,40,167.942508553866,67.8548786584022,15.4134089713899,2,17807.3110157012
284,31,170.661330623262,62.8967420495299,15.3350661983798,1,20530.7546769931
285,31,146.288284388852,45.7721607684601,15.5368143941697,1,17122.682742016
286,46,157.709360081599,47.9425601537855,16.6597647834602,2,23840.6723953842
287,29,172.167110628534,63.5854135322871,14.7788075524625,1,21939.6419531833
288,42,171.031153987286,56.9041718811753,15.3128394020736,2,24264.4714602591
289,28,169.563044447455,74.0619867229098,15.9117004889032,1,17733.4873209301
290,33,157.754523159161,70.7429640082995,14.1699975863234,1,18821.712268866
291,28,163.357594834272,64.0136404823374,15.9768062119881,1,18569.1023240766
292,32,175.024197284386,69.504206623857,15.555830713959,1,19012.2135159488
293,35,159.140554081898,68.8351000642035,17.9741149799685,2,22890.0217219041
294,31,162.133374414848,61.359025838302,16.8853547623161,1,26457.4838827087
295,37,164.369581254253,66.0448344855648,14.3141110778073,2,24939.9102181173
296,32,166.514766591679,60.4594166908158,15.8526349543481,1,25778.4346075469
297,24,167.20381182594,58.4708674072011,16.9347309194592,1,18837.5848018885
298,35,165.212889278128,62.9112389356215,15.3166638056768,1,19644.6855684684
299,31,166.530464813149,61.8981235482767,13.5771137764091,1,25844.7905150262
300,28,167.325549795643,67.9513099731023,16.4173423614433,1,20943.2829408771
301,32,153.417618521226,46.8604806160478,13.338401122728,1,17785.0741769857
302,41,150.653817482069,49.7473754646479,12.2228744685218,2,18723.2875681322
303,26,167.975101737815,61.1867232387829,17.2659247229052,0,18089.3185036822
304,26,165.833222998919,68.0450984390991,17.481653037239,1,17331.4057861302
305,34,166.231195282096,65.6213921382293,16.6331183977994,1,16856.8074547675
306,27,140.677288465069,50.7696399711377,14.3049968931798,0,21490.3811612512
307,37,163.933142126308,58.6110145805747,15.1380523039675,1,17171.3615856633
308,34,159.592515031829,62.4007089299315,17.8129977552758,1,21382.7233451114
309,40,164.16530264828,60.2571210558005,15.8631747973939,2,22832.764344105
310,37,171.498303912154,74.3202360364137,17.8376545943966,1,22185.7919585987
311,35,155.744715807815,55.5227011248725,15.0584984869398,1,17440.8402629943
312,41,158.070289937429,51.3695348639734,15.6391698599347,2,21421.9847473039
313,38,159.012450900312,57.8750441392818,16.2212476564992,1,24216.0476386803
314,33,152.15491838018,57.0820891074749,18.4769410406065,1,19225.908905012
315,40,159.501229278597,55.3440801579103,14.2958250094107,2,26429.858988376
316,29,164.038097797995,76.8326448820944,14.8465078865888,1,14993.527842526
317,48,170.575491791921,58.3330506421156,14.5380130696384,2,25621.7570681191
318,40,153.823435320991,54.6745861662869,13.3280497139955,2,24176.4280568525
319,39,155.328659849539,58.9525285766147,14.3792876460077,2,17766.0582778871
320,45,159.261850783792,56.175014524379,17.343340037935,2,24063.6140228792
321,36,163.826555425991,56.542745156213,17.2165305252562,1,23333.3610815857
322,31,159.460472921033,63.9715803460602,16.5017954191587,1,17909.3307251466
323,36,179.442478963405,65.8222406733199,12.4026036824726,1,26171.5716325778
324,44,152.964387227833,52.0943126064016,17.2714403134887,2,24632.7659900679
325,33,175.825445295334,72.3599034848651,17.1494599212806,1,20884.6429229627
326,43,174.148781520291,60.9901740293246,14.2975110217524,2,24128.8607040225
327,35,159.491570512287,55.9586936832505,17.3479666825728,1,18160.3699484359
328,33,157.087646360558,52.9935131987256,16.9402023176452,1,15475.1794045968
329,30,165.038046142537,62.1018795976922,16.8023789783266,1,20611.9389407507
330,32,172.522545884064,70.7468574445052,17.4657062274102,1,17670.5416164069
331,39,171.913454880335,69.7282105221247,16.2708645675018,1,23615.5278467606
332,36,157.456826191212,58.5013215376055,15.7791298510883,1,19946.8092839325
333,34,169.604902263321,65.5956496468368,17.8109358203943,2,24985.042664934
334,34,155.506065789167,58.1301794561065,17.635622241524,1,24120.6377163765
335,43,151.453183199346,55.9028783370462,15.9944987881774,2,25615.4356475371
336,29,165.250254112209,63.0253076560214,16.8813869441918,0,12516.6496065972
337,28,156.038606716276,57.9965195358208,14.9226989702672,0,19617.6592979034
338,46,157.014289386289,58.7036910641625,15.3136967713496,2,20565.3153568618
339,29,171.340404671758,75.5402745548581,17.549088103585,0,21065.9362066889
340,36,164.360108450513,56.273864804265,12.3313545817691,1,19434.8067901981
341,37,169.333978449308,64.6697253122292,15.7216174743156,2,18526.4361431855
342,30,163.547651155919,69.991386667662,17.3359956200897,1,22248.3655559994
343,34,170.547495644655,68.6863468580768,15.7328132175346,1,22593.1083562364
344,38,172.268227248917,66.6559401422004,14.2609478657913,1,26402.0382049115
345,46,157.923416339199,58.3980908578564,14.8743466490234,3,22096.7591062975
346,33,174.41608342336,64.289190510152,15.3964642222942,1,19152.0684949287
347,31,164.551383129194,65.3322327800415,16.6945160642793,1,26391.7260792336
348,41,169.603823644144,66.1000871858433,15.3015856142124,1,25828.3526269623
349,39,165.147415322193,66.9319493446314,17.6786527463084,2,22957.8828640827
350,39,160.884155622743,62.4870229654933,15.5546277131537,2,23605.4459428805
351,28,162.806224913699,65.662315430948,15.4764138913449,0,21189.5023031468
352,31,174.029462427743,78.2230978622547,17.458779343013,1,20524.6100367961
353,39,164.280363745714,64.0885157260667,15.8230124430294,1,21577.9447667935
354,28,157.392129876193,50.8187380935099,17.571244254653,1,21517.9298715092
355,36,176.921828412348,70.9157979713061,16.615498692742,1,21692.3240689441
356,42,172.636647572365,64.4764267517464,17.1978938167054,1,21219.8837027399
357,35,158.780380612485,57.620776802168,19.3495690149368,1,19850.8551516178
358,41,167.861556180185,68.82433460647,16.3599773980416,2,27288.26209019
359,32,178.806404470606,72.3912021981368,16.2080908616771,1,19115.6758572429
360,35,155.882438358721,62.1717237411051,16.898768028276,1,19450.6153002189
361,36,162.497421538652,53.1841015127483,16.1147905090611,2,15456.60907063
362,36,162.318757012805,61.6474687562595,17.931154048258,2,20215.0715304461
363,47,165.202262418432,72.0067883860197,15.7606784622641,2,24310.7472552402
364,39,167.710773901094,75.2521731577875,15.9684296073231,2,24917.7786131377
365,44,183.443384899371,81.8306461603146,13.7146977559945,2,25434.1800008437
366,32,161.920411502797,59.2406564793659,14.6957196468164,1,26936.7594427661
367,44,170.592914178102,75.819246092129,13.4467124601583,1,26775.9995628021
368,42,179.738905535613,68.4879037579065,16.9859917410935,2,20536.5334075314
369,26,172.269834311862,68.2762253264369,15.8407094318335,0,20723.3857707396
370,39,178.946539101297,66.8304424620366,15.8897079757966,2,26290.7459352333
371,27,172.575341363943,68.8977425928164,16.6101949853735,1,11668.4060562069
372,36,154.629648891686,65.8747074257387,17.7990475169159,1,21495.9779671167
373,36,178.559340159409,73.8188155436062,15.846574807383,1,20520.850863339
374,38,162.915861978111,68.9890805603174,17.9341292662806,1,26324.2094794253
375,29,159.73772788744,69.5991252978974,17.2723104221087,0,22791.4963252616
376,36,154.31918728653,64.3110998280815,16.0258971488477,1,23832.2106742993
377,35,167.697181912415,72.3568276951421,14.6254402098566,1,22921.762597874
378,38,157.346805464112,56.2674356956961,17.8108981989187,1,29098.6325825938
379,35,163.42726234547,60.0947237922385,15.2998872100762,1,19749.8577632885
380,38,161.914669387298,63.7957605555296,14.6564643319345,1,20044.7735933435
381,40,157.866796421167,56.7211116713901,17.9199305458152,2,20779.3267347843
382,37,180.141906155394,85.0373462738802,17.1655054562749,2,18858.2017527813
383,35,171.740387193803,71.7808571202417,17.6916687244038,1,20575.2769862942
384,40,167.186663984269,63.8133817622058,16.8101614512201,2,23652.3883807406
385,37,159.072396381076,58.6157759963528,14.5028543252578,2,22963.5990722427
386,29,181.824271762994,70.6283749806185,14.2902824739379,0,17354.0413334795
387,23,171.720370060296,68.2196005141377,15.9882514314887,0,16037.6611456691
388,30,156.008053508214,69.1669287272173,13.332326872995,1,16233.9575522351
389,48,171.42646816525,68.552315003484,18.8908389826741,2,22489.4800550075
390,32,171.065458946967,63.3545807559008,16.0431700985347,1,20804.1168363248
391,45,155.11392707336,51.3296579271772,15.6223941167339,3,18016.5704275263
392,41,161.150933393143,66.1630216857842,18.2479588791219,2,22736.6225954762
393,31,164.693797932235,66.3030663154057,15.4271302229474,1,21556.7584535924
394,35,171.458772141026,64.7865699286927,15.7248990739986,1,18801.8998087202
395,32,169.192287310796,74.9279926725868,16.7195148143139,1,21490.7057845942
396,39,167.091629020924,77.2244239862497,16.5466144641358,2,21089.682559249
397,36,164.63345539217,64.2866620785123,15.8294368797153,2,17448.9419490832
398,38,160.923236311255,59.9896463892901,12.2328982927535,2,21058.2900275309
399,28,160.55444622958,61.7691455652167,16.583721331359,0,21022.5574115863
400,29,175.288324968712,77.5452586962205,14.6484035154443,1,26638.7963896156
401,44,147.778776117028,57.7735432301691,17.0269286142063,2,26175.6655864366
402,29,155.763751352315,69.5301928294122,15.6947964014133,1,15092.7371041841
403,42,171.164933847002,68.7747560567321,15.4946631005668,1,21660.8506009087
404,30,156.193451158687,63.4527835041501,16.1816836579323,1,21261.165089594
405,36,159.444866672597,69.0034700510869,16.2132308106855,1,22007.2049801578
406,42,165.629569657225,61.0413859905042,15.8089912735195,2,21909.5384385642
407,32,164.474664273527,59.5678010932635,15.7454968166587,1,22509.2999495765
408,28,164.614527033771,62.4395998260602,14.7876082694723,1,17958.7343276009
409,38,165.061893403507,64.4406347901245,16.4577844983403,1,18808.7993702567
410,32,165.195772133297,67.3510700082675,16.9803484799997,1,21887.4057683615
411,44,142.413960078877,46.2404366699155,15.420034256256,2,20881.9062580821
412,35,156.288205382375,70.0734356883318,13.1141610784418,1,17837.9009875126
413,40,170.943234603952,61.8543898475986,17.2730611276182,2,18464.3262661115
414,28,163.943445490891,65.825112128681,17.838884769947,0,20064.4245885049
415,29,158.527555209319,60.9175950820284,18.4708989268879,1,17805.0630340343
416,29,173.725099669991,70.3332874375858,15.4158888225189,0,13271.1227612436
417,31,168.586220743174,70.8106955433382,16.6001949100193,1,17429.8608838729
418,33,158.823064413223,62.3483444352263,19.0265967772796,0,24463.648038942
419,35,166.218898879874,63.856282933125,16.2542952596679,1,24105.4180877027
420,32,176.262858761193,71.7198461462568,12.7234983762354,1,18923.700221789
421,35,182.059745360502,74.0668659634437,14.5455381483955,1,26880.2494583916
422,39,175.463597132118,76.4881708907485,15.1652276057346,2,20508.2052606369
423,28,174.84426301256,69.7852679708256,14.1512996154619,1,15676.8219399673
424,37,160.907099659247,60.5879909131508,15.2076335523404,2,21676.5509300351
425,34,160.005474930729,50.9003470695424,14.994904769588,1,18629.8529636583
426,28,160.140879401779,65.8579462403047,17.3808019965593,1,16584.3437731059
427,37,170.186906573945,50.834436742913,16.6754517884707,1,21485.1812138882
428,33,171.843406386552,67.3695199037557,16.7264604204007,1,24742.8400304256
429,35,175.518639348658,73.5972860532156,15.605896296805,1,25016.0043210321
430,35,161.762780393702,65.2730731642642,15.8386146622731,1,20875.3219018977
431,35,158.102391930744,56.9183841224861,13.4133873175916,1,17695.57965862
432,40,174.086213561141,71.721610080094,14.4064702587361,2,24262.4951095808
433,37,160.228527696677,62.4824236357169,16.9713747182145,2,16888.1399493576
434,36,158.652488510261,60.7957241847164,16.5002320965779,1,22561.3378301592
435,44,172.859640123408,71.5212430474434,17.4487582930673,1,25395.0686110197
436,36,167.671823861517,66.1343128117541,15.9560567479244,1,20505.6708287949
437,29,164.790233933694,56.4197424415346,18.2931763760786,1,19690.7385074428
438,42,176.981728465811,62.6796708988874,18.3694956677652,2,21871.2509627339
439,35,167.858733893597,65.6114274127277,16.8421250306787,1,22002.3793414845
440,50,169.359306247689,63.9271903876216,17.5201398240605,2,27557.3832159145
441,29,164.644245443474,66.5913891553297,13.8998625289901,1,19741.6243683738
442,42,162.458478983654,57.57036530128,15.9976861030502,1,22507.6809631712
443,40,177.357849331042,70.892909783345,16.9887231523062,1,24052.2491579766
444,36,170.26220049893,73.9963641968212,13.3230095893846,1,21799.3920106605
445,38,158.057734377129,63.4477214026625,16.4558143092477,1,23449.0854618259
446,40,161.675117380134,70.9389676070942,15.9773191814413,2,18928.6463434787
447,36,169.204242151373,73.4369472056845,17.2260523709761,1,22980.6525262592
448,33,173.484996888277,61.7910205633584,13.6191349380616,2,18890.0538829604
449,31,150.140988562749,49.1794679929957,17.8760460456321,0,23733.0663894437
450,25,161.442138443105,57.1786468080558,18.1474814868337,0,18801.1641472511
451,31,152.415357750893,63.3235827362709,13.5257591659667,1,23195.1719002414
452,36,158.991568979392,61.227261394839,15.7651832505887,2,16214.4445176581
453,30,171.382068332582,67.1816054623483,15.5799658251219,1,16566.5455283036
454,32,181.7264620636,71.6677175074707,15.7715896956984,2,18765.243663789
455,38,168.364868790467,57.9962504409296,15.2282889662186,1,19089.5427572463
456,30,169.615386075372,73.735900196322,15.3783977413698,1,15689.7584360965
457,33,153.952337564683,65.5815136868535,13.0318497179872,1,20716.205653925
458,38,176.0623792148,55.0707706003316,17.1815832692878,2,21916.1006289891
459,29,168.037568458869,66.2925542974522,14.3645452421581,1,18447.9288846075
460,35,160.12291993825,57.4116019168904,17.5408740593624,1,22107.4331348677
461,41,161.843898483275,67.2530338666091,16.3006679564003,2,21557.4797345875
462,37,172.377160655865,63.863001508592,17.760873464205,1,23843.9327448409
463,33,182.325428170044,72.1544362962456,13.5746100414565,1,22402.2743260016
464,33,159.154360296303,71.5602102675161,16.8547050694285,1,16227.7701101609
465,37,162.626009506178,67.4587688904462,16.8619048838996,1,20705.036670619
466,33,158.905805110054,73.9638519761066,14.4463828385265,1,22106.6329738661
467,34,165.198986504682,60.1223940428019,16.5127146555057,1,21230.7159666633
468,22,171.59779980232,70.8911667274053,15.2040098871151,0,18832.3097715041
469,40,174.939994449061,69.4338807868075,14.9569257202969,1,22155.9394526882
470,33,172.697016092462,71.1951096649161,16.1081923940344,1,20026.2659379421
471,26,178.207793884934,76.3842072201281,17.028393645868,1,19179.9094434177
472,37,190.963575111042,68.0047414647056,13.8189545067275,2,16200.4906174646
473,30,163.789303875593,61.0803927935083,18.1879327777474,1,22942.7555644857
474,32,148.138759363584,69.0734449223428,16.5738124457886,1,16594.7351172973
475,36,166.717029649565,78.8939767600622,14.6390911555101,2,24002.0736872477
476,46,169.631640851316,65.4148005712301,16.6117852235607,1,26399.1196944711
477,34,170.655550212218,60.8594855891032,18.7300767220054,1,15877.3890034092
478,51,162.071103153749,65.6432325138385,15.7940930901071,2,30635.2855280342
479,42,181.888747966196,65.4050090681194,17.4261202362441,1,25394.9728493969
480,27,168.573282665479,64.5616735278557,16.4709527557799,1,18078.764989935
481,45,163.531494911548,59.8605128716952,15.6714019834976,1,24073.0306732477
482,31,166.336047013767,63.3553949798478,19.6301286809726,1,22655.4655043747
483,32,157.560682253752,59.1502209616785,16.0907526163651,1,21901.7659359956
484,34,164.142835164158,65.9811608320481,18.6503995584821,1,25132.9052582016
485,31,172.688927361055,71.779529175736,16.4440337333341,1,18444.7789612836
486,33,161.439348987341,61.6700644619734,14.7403867330397,1,20685.1426465864
487,34,159.785630175904,66.1412197946204,16.2990909783363,1,18877.5387780538
488,28,157.271002325054,50.7507824389465,13.3380687188042,1,19837.5447065894
489,43,176.798948879726,71.502227986003,17.6214696724236,2,24029.3689642171
490,42,158.027218992374,62.9677719421311,15.8575076443517,1,21650.5273206992
491,27,164.054536161465,72.8320514298738,15.820826045657,1,13916.6220554779
492,32,148.684498717109,50.972804765318,14.2070223297107,1,15435.3352730887
493,44,154.385844735335,52.8376097809912,14.8895849347052,1,23373.2872151454
494,33,170.697917226448,66.9507596765394,15.6045666045374,1,18866.8459759209
495,31,166.422889448876,73.0933795399496,17.4832558182317,1,20506.2175384425
496,27,170.189644965584,76.2549621878822,17.4191817860167,1,17117.9662044575
497,30,162.433148138613,54.9392564495816,15.5186990884433,1,24887.5395379433
498,34,182.012715753245,73.8018595458238,15.8055873908669,1,21691.6148419957
499,24,169.110859069296,67.7143400487415,16.5310225433232,1,17714.3312398321
500,48,174.289204041077,79.8411994083628,15.2503815821457,2,24079.7443546822
501,44,149.668470637556,61.7563017311112,16.5736603345619,1,25553.2126701123
502,34,169.556164486213,63.6747497099063,15.1088720906104,2,22192.3860819045
503,29,180.28779087137,78.9220745983144,15.5636663817364,1,18377.718530399
504,30,168.754331634391,71.0450251392678,15.0466241496704,1,18832.9909057405
505,37,157.980443709526,56.2832445957084,16.3443684447196,2,23175.9934934522
506,36,153.533617072019,57.9557689968449,16.7693361035641,1,20582.6778459937
507,30,169.788112800116,69.9407475366386,15.6726645615,1,13976.3381416297
508,30,184.118101226213,64.9865589501998,17.6115569181435,0,19213.6620500846
509,31,160.718286791731,65.3670472493979,15.6000379821427,0,17812.347595399
510,35,177.088672099452,72.8543790750668,16.2091145925936,1,17982.7310200807
511,45,168.151169727036,67.3090516665025,16.4868666687113,2,26813.4057593729
512,29,158.301361930067,52.6221877271267,17.3648163391095,1,15387.342734572
513,38,161.73526816049,62.3382266397598,13.5981184371813,2,21743.5065562172
514,26,176.803064137923,70.558799250058,14.4649696171875,1,20064.0988660163
515,34,168.250145185533,68.4555769052085,14.6727271061763,1,21820.4018656829
516,30,177.29764384172,67.3140694072525,17.7063638409008,1,18644.0006293306
517,33,178.933966830581,74.9754673907547,14.7632799025046,1,24685.8416991606
518,45,159.962899409491,63.3621821308375,15.7384700459538,2,25372.7673784429
519,26,171.109121034153,66.4034417594924,15.7485061211399,1,17550.3556955384
520,40,163.756615913349,73.8504660843252,13.8217086496974,2,20648.6236188832
521,38,158.352057008723,69.560692488355,16.0032837488545,1,16132.923312446
522,40,161.553479284811,69.3672113771224,14.8867261683476,1,24289.1908462934
523,29,165.425514055852,62.2695039248921,15.9290437349782,1,16944.4192956455
524,26,162.308658645493,65.4988646213733,13.951299145336,1,17724.7229989909
525,32,159.788136205123,66.2685751916042,15.3991175548958,1,15886.3505847709
526,36,161.520233836946,60.7619578850023,15.3346169405676,1,17474.2239106598
527,32,155.069134023162,59.9089011060325,15.1968455250119,1,20426.2522930175
528,43,154.876324774751,64.020005018777,16.8352978869385,1,25992.977219993
529,38,163.22170175221,63.6084507633045,13.9749913537759,1,15116.016392133
530,34,170.36056849325,66.2177691761106,16.6433685715063,1,17960.1882781673
531,29,158.312713064971,59.8437442773133,16.2133716182927,0,23200.7166139104
532,27,171.280674504265,73.8912179737565,15.7709824709395,1,21348.6153607982
533,44,158.285273610938,66.3215857320808,15.3430189479255,3,20373.0763467112
534,35,163.111770858135,72.4512151759271,13.4503502363081,1,25526.0293645999
535,26,163.337259260303,58.1712063894804,12.1522317459984,1,17630.0459119789
536,22,162.711637084082,67.8141725767945,15.274667794237,0,14119.7590397977
537,44,178.776114014442,71.3228011520216,15.7165012625922,1,22821.4314585774
538,28,166.801469755069,68.5942482104624,17.4876363858411,1,19466.3505905457
539,39,164.201403357977,77.122967616093,16.8530383429406,1,21314.2074031447
540,29,150.877171820641,58.1391311702257,16.3712702036893,1,18217.3198415364
541,30,163.778366840725,59.1917387667671,15.6775048166304,0,19431.7381937836
542,44,154.581651316979,56.1997425157204,14.7241215953537,2,19852.8701895762
543,32,164.18765817774,64.9236255043489,19.4469047877958,1,16094.1089302529
544,33,166.804720437965,56.6102010081898,15.9660324784229,2,18322.089614061
545,30,157.555742016955,61.0389920395125,16.0042797725582,2,23658.2909424301
546,42,153.481019587858,62.4590984242382,15.4988300102902,1,26692.3259256348
547,31,166.498830487977,59.6093040032927,16.5857319574612,1,20417.8408756705
548,26,167.369673535412,64.3044303687629,13.9960356413582,1,13107.251151513
549,39,163.977388748852,54.2363556144148,17.4234165379521,1,18329.0806965025
550,35,161.59544586604,75.6416485910479,15.1217004404423,1,20395.824315439
551,34,158.69301603425,70.9266164592174,17.3479321086842,1,23765.9162797425
552,30,163.510928006699,60.5582871870112,15.8678754609232,0,19313.3393655253
553,36,176.150034288681,76.9256387289062,13.7049263198394,1,14372.9133483688
554,39,160.519887474815,55.8089666642044,15.6163855240665,1,18947.621476698
555,34,169.7549019199,64.1879895478566,15.3004088913243,1,19353.9801228842
556,32,162.181656475603,61.0140389832766,16.8443031534334,1,16757.6924743665
557,40,170.256498118716,66.4464939414193,17.1231402977458,2,24367.8841313296
558,42,161.064881860374,72.8405173159329,16.5098062502934,2,25656.9814396077
559,39,168.443845870888,74.4567397391203,15.9221217102326,2,23080.126798547
560,39,170.35247029932,68.2345991555083,16.2619031728758,2,20054.5282016255
561,25,170.562746155486,59.4744908469004,16.6679612902975,1,20921.162224877
562,26,172.43918568947,56.9361422664883,15.8674140351511,1,19890.1914151997
563,46,185.290927104596,72.1319301010978,13.7931191273362,2,27905.0424516269
564,44,157.142940262005,66.8509103047352,15.3283645394943,2,29032.8659827418
565,32,166.091889651822,75.3147818626374,17.3500963603312,1,18738.2652504817
566,28,170.819993624967,57.2875106323486,15.7075831169653,0,16571.7119922964
567,27,175.145724514251,68.4723489770712,17.3472110466518,0,20413.9038005774
568,34,149.380314956976,55.01525059886,17.7422318713328,1,26444.9669428021
569,29,171.652934203574,66.2917091677187,15.3639977952057,1,22062.1185032116
570,31,150.439676534528,66.0469913772606,15.6605234267621,1,14215.2418459142
571,37,159.29235596419,65.1419715326146,13.2010733537442,2,18678.1317740987
572,33,165.018745344285,67.375783901787,15.8793754662482,1,17358.6587102758
573,37,151.907714577134,72.8753875853419,12.5652424150637,1,20184.3104390709
574,47,159.673008521461,64.90083179799,16.5673654702447,1,25533.1701599457
575,30,158.232539437418,58.1906801496676,15.06226225566,0,22694.5399710978
576,33,162.696828265351,63.7482186887498,16.1355626572762,1,20015.9762410355
577,40,174.691804723831,68.1288208581647,16.5625743171513,1,26093.6823870961
578,30,165.737682699932,68.6085732415247,14.8333407773219,1,21930.7817105325
579,32,167.969335205243,68.1664108599073,13.7981667216499,1,16936.0722137132
580,38,170.304966200896,74.203323637654,16.5545635697691,1,21592.1241756658
581,30,167.81885025643,63.4086686690909,16.4403931677892,1,24204.4113694765
582,36,154.983569362201,63.6302975319916,15.5003551538633,1,24118.8136276162
583,43,153.227150116076,59.0499648977986,18.0449529716184,2,18834.3123187738
584,34,171.398733941412,74.0373332021533,17.4291859290466,1,22293.1991684142
585,36,156.654685579925,52.8685444126562,15.6896668202059,2,16262.9432574765
586,43,164.427884579755,75.4915131209184,14.3095548553124,2,23031.7578549255
587,38,168.696745316873,62.4209277562312,16.0684152067467,2,14404.4467938026
588,30,158.153239632515,61.0247105962275,16.5252495851332,1,18094.0075760357
589,32,168.53250215534,72.1939477756843,15.9971020028247,1,20807.1078665492
590,39,164.579173907344,60.8801639748458,13.5141337519808,1,20067.3887780389
591,34,151.170147015541,59.7636564594763,15.3504886782317,1,16398.9381757656
592,33,146.116753892511,53.2783591058443,17.9165871005332,1,22114.9265786578
593,42,172.743553635263,69.0299358571094,14.8687493137807,2,18214.0063988799
594,39,177.31257857502,72.4256089154602,15.2234680885117,1,20774.8088827442
595,34,151.084937753519,68.0550682969143,17.9485515865402,1,19975.875967022
596,37,176.922662592607,67.2525076141314,15.8456294550789,1,23406.8909521855
597,38,157.165561081047,61.0686970069438,15.4527118686705,1,25752.2826176485
598,42,166.499443516888,63.891604519861,16.8529160880376,1,21413.1922413038
599,31,177.711881839197,66.1563809132763,14.6319134805795,2,19297.7861137609
600,35,165.794891329919,66.0286439794322,15.6364949754061,1,23317.0502424094
601,28,157.807299158912,60.3905963656449,13.5910087389773,0,18018.7596866929
602,29,156.817755685708,61.7415862120401,14.7272633407811,0,16253.9012346814
603,34,175.535379152543,74.810796711541,15.3668594199631,1,17833.1652456086
604,29,154.54537183029,59.9342404968576,15.1175012791723,1,19428.9428419594
605,37,164.597945377229,66.1522245035719,15.4966624425713,1,22713.5469815967
606,36,162.807485389948,56.0544982867852,15.6477123397503,1,23862.660488604
607,32,168.770624438356,72.7068464945142,16.1793099690315,1,19086.1473943697
608,31,159.487716249902,60.9510357456914,14.6185557424909,1,17078.3084351452
609,41,165.747371166472,68.0538935993211,14.5041084764559,2,20767.5546799216
610,26,157.02309730711,60.9247622306342,16.9898834792054,1,16738.6511214443
611,40,176.26472956454,70.5785690852459,14.4897583985645,2,24477.1515292898
612,29,166.742023990364,60.5387154279874,14.7708870625095,1,19660.5205264666
613,35,147.755372916574,55.7851093569845,15.422774243239,1,22408.5709363842
614,45,169.377669970015,76.7834904738721,17.6515297270598,2,27025.1410362697
615,35,170.727028051823,66.8043999371499,16.0376138121812,1,21223.3787247792
616,39,170.7757937996,60.7531137313101,14.218624899278,1,23437.0692775963
617,28,148.09831958217,50.1020382652704,16.034733204067,1,19119.0163276187
618,35,166.954522881373,66.2208502892096,18.8847495171074,1,20942.357490668
619,36,173.720802239298,73.5319154321338,17.5284001310957,1,22182.8066341198
620,35,155.032231208505,61.2093368044716,16.1728626691521,2,26604.0746316853
621,40,174.954520044515,70.4237709391812,17.3123657007245,1,24070.5755045423
622,40,160.663323860851,67.445126402194,14.8467548763489,1,31990.3642778528
623,42,169.518124430099,74.5394578028973,18.9961579070699,2,23760.1009955614
624,28,147.242607284744,55.2372575243135,15.6213409460611,1,15391.5973210104
625,39,166.849401333196,70.3711633180088,17.1267196857459,2,25520.6668964735
626,33,156.227985772183,57.1802213953844,14.604827953384,1,17649.373240462
627,39,170.66259886325,57.7629190175461,15.4841432444868,1,20486.5445805973
628,34,162.164561501447,64.9354516319754,17.6688036881972,1,21783.0335735533
629,37,162.504314421022,60.7277466727051,16.6538396706884,1,24370.2283632472
630,43,158.711038735872,56.9598369511973,16.421355817609,1,25555.9684183305
631,38,167.84942718437,70.458454975513,14.834523878955,1,15351.0461772072
632,33,162.655625914684,71.1854498124104,12.8811148658338,1,17796.8131646087
633,30,175.145028023525,80.7011192410737,17.7245348192887,1,20460.7667481202
634,36,161.75416539874,61.2674758948332,16.7578948271702,1,25949.5800428065
635,32,146.006442079953,51.1917211282033,15.8730831668153,1,17472.8297482543
636,36,160.410035546414,59.5353259250838,15.1428360819153,1,23734.1881753926
637,33,161.966327277334,64.2207382437593,15.4128944678288,1,17785.4878385087
638,28,153.805150927882,47.4344909049016,17.2098113390235,1,13898.7034709862
639,38,181.04276865801,76.0049470501687,19.1743799895376,1,20386.115711457
640,40,173.19040577501,73.0148013331436,14.8921782275415,1,24753.2434112101
641,45,143.135906927268,47.8753064969196,17.2850536192085,1,24015.8602597299
642,34,152.628309617306,55.0433706166876,20.1220548649992,1,20391.0177619258
643,31,168.235541145674,63.8829585216042,16.026245246838,1,16720.2993295005
644,31,167.641753234619,63.229749023786,16.8081260942738,1,18648.2933777319
645,41,163.725650107613,62.8864921103032,16.4474337790789,2,21800.3832947128
646,31,168.016736489512,69.3504735803699,18.7743409196531,1,18027.0957146048
647,31,155.762810079949,56.2142777032243,15.0135181849307,1,23965.9115686883
648,36,161.137656375666,67.3973912363259,16.5447455401964,1,23890.9024238067
649,34,177.136138217097,68.1075547041634,14.5343183351598,1,19053.2189663766
650,22,154.213318007008,56.4896507841388,13.988559264341,0,17522.4775904374
651,42,162.906342538169,69.1215183085543,13.7676273105046,1,28019.4278277508
652,38,148.525876400649,45.2128123986305,13.3019341189337,1,18325.1074917124
653,36,162.702337849606,64.6624136676023,14.6117660361584,1,19998.1083390517
654,38,179.663751038604,77.2728302669659,16.9937901091092,1,19850.4201345456
655,34,158.363269559272,62.9927042986019,15.9357348543915,1,17739.3816828487
656,31,161.175549372444,56.0626061818773,15.4603842598275,1,20891.5855255848
657,25,155.656559718441,57.9071200762148,15.3511687553096,0,14233.6876615185
658,34,161.710932101982,63.1326415791229,16.629656981826,1,17864.4706072517
659,22,163.894385304447,72.4421464845404,15.9837779731598,0,12170.5504581515
660,33,160.468608652061,63.3694564955916,16.2664062795567,1,17372.8418984675
661,26,166.395656282449,62.9432360408894,15.1270539313519,0,23505.7882499
662,25,146.708997614307,61.0876115025389,15.3538573312883,0,19636.7126982571
663,51,152.781929387889,56.5381770028582,15.5377789181647,2,29227.9404131535
664,38,166.209939563871,66.5128733776949,15.1787076147312,1,25786.6644303583
665,29,164.390449854227,59.3195503931166,15.0884998136188,1,22821.4331257278
666,44,158.891112383936,62.6639307385999,17.0700503417154,2,25649.5701213582
667,36,154.88338145113,52.5813432477202,15.9865361211901,1,17610.2709864903
668,32,154.375987002789,57.8394373580192,16.5154401394171,1,21395.2833078898
669,33,154.160054720497,63.5786878229403,17.6495263410369,1,23805.5025626858
670,43,163.452206543196,63.5474919819055,16.1625459500006,2,22052.5329096509
671,27,173.684251556883,75.0214339179126,17.0363456352636,0,20094.4681282591
672,30,160.430154009591,66.3594007118554,15.431698624051,1,16145.7215760026
673,42,162.933709166847,68.3835397552304,16.6382656781482,2,28297.602123141
674,47,157.680316647972,62.6272739345847,16.9782626686838,2,23847.8708239146
675,32,167.367082958414,69.2555146533222,14.6587221999664,1,23720.1627487416
676,30,162.87279365684,72.2515294994568,16.313652674292,1,16209.7869729367
677,36,175.246129803268,59.1111764297151,17.5643556148745,1,21202.995001255
678,38,160.470554607576,67.7307542297249,17.0262705415985,1,17927.1042490859
679,30,155.983260494927,59.927437199318,17.8302093921893,1,21087.1166733012
680,31,159.276172184887,66.1225310162307,15.1666141646091,1,16628.6906897197
681,33,170.103377855464,71.6865405873365,16.0800969760767,1,19803.5177553697
682,33,164.245521127128,62.1230812698263,15.5150711778301,1,20892.8644643183
683,36,164.955674227172,58.2585496943209,18.8759371406549,1,23235.9709798609
684,24,170.908780415356,81.9766684011206,17.8336277882065,1,17192.7092950652
685,32,161.868375165067,62.5659887222953,13.933220770346,1,17640.460530042
686,30,156.554008892081,55.7467564641349,16.4838561344153,1,18154.3740498276
687,32,173.216265365877,60.8816205105694,15.2128141749295,2,21794.456644514
688,33,172.857825679822,73.6061478365559,17.8546189952335,1,20263.394658579
689,32,176.194869995716,64.2222828936567,14.5276090647917,1,19890.9568450609
690,31,160.854946600593,80.8814429276525,16.2369849844727,1,17928.4545714364
691,37,143.078658883815,51.0423407041609,15.0121547615857,1,18312.4125545028
692,31,158.044419823981,53.1758555442663,15.4057504832544,1,16095.4810202169
693,43,162.983202403862,58.9367396166631,15.9022535575019,1,20147.7586252211
694,34,163.129657721733,57.3116172779401,17.8874451296941,2,15254.2864714063
695,34,169.246139793499,77.2945786783532,14.4348359115822,1,22094.3648645048
696,34,157.608635602834,62.7817923586142,16.9248264179598,1,22705.9972568301
697,41,169.892932390238,73.6776730323121,16.9658616267071,1,22209.410919554
698,34,168.073568561492,69.761257170681,16.3952843429624,1,21994.7385539277
699,43,166.320552603253,68.1249646881033,14.7688865306959,1,25539.6352221656
700,35,180.228442175092,73.5207919148454,17.5641413908781,1,24472.9659450911
701,38,153.131780726642,62.9855754190722,13.6782398518239,1,18878.6377927718
702,37,166.488771059026,61.4935744819543,16.8552961934146,1,24463.7758872585
703,31,161.398524612908,55.7296276326934,15.8726926259628,0,28683.8894096073
704,32,171.325154204843,68.333248266686,14.5718541192042,0,19087.8658183845
705,35,155.039616986411,58.1568415020091,17.2750855412987,1,26195.0899141968
706,40,169.62341745282,65.0230777790003,15.1185275266955,2,20859.9849356265
707,31,157.932820550063,60.3160059398585,15.6070535260162,1,23768.5745655812
708,33,164.911647077721,68.2484358013614,15.3208243065637,1,23480.2348256337
709,39,153.715065301432,57.5034225161797,14.7350694477098,1,23218.7406967597
710,30,155.810478368678,61.3343791258326,14.3869148091819,1,18491.7466793093
711,40,180.392426429978,84.1198565056713,16.3426814309988,1,15950.5557449113
712,31,152.158874036372,61.5651515371108,15.4479392498946,1,23180.381778334
713,48,164.905462853635,65.3832458404382,15.4661079718412,2,21599.8521010185
714,39,156.421615433768,64.4334302690987,14.8792886451101,1,21949.7582105291
715,44,174.526076087557,69.819448887663,14.1760802827137,2,17820.6819156382
716,34,168.34204878092,74.1176814768253,15.507673248494,1,14621.9412003231
717,26,174.275048605663,73.5955153261682,12.9711383721116,0,20027.2723158715
718,29,153.535374872668,66.3357469101377,17.7944756223878,1,20577.6545461484
719,27,169.136080402587,60.4436536772645,15.5990359727826,1,22398.7599124698
720,45,165.342766809282,64.0882792780367,17.4008725052982,1,27945.0582954363
721,38,164.099520491658,64.5706000165596,12.7508641467333,2,19654.1871590929
722,35,159.648563136223,71.7672956511767,14.4672442527897,1,21972.7506626608
723,37,165.0695891128,75.1696057453033,15.8679926422046,1,19336.9087092969
724,32,161.877838263046,64.4381274230324,17.7889190514259,1,21582.7721283212
725,25,166.082907303666,75.9573290473931,15.403028210388,0,12308.1841742882
726,26,162.942023721258,56.0615380409006,15.1661595302411,0,19898.9700944746
727,39,191.215353032511,91.0909882802342,16.3727905894589,1,22374.1062970699
728,32,166.616936396305,66.3528053772078,14.6478800152736,1,23811.3441325758
729,31,163.877644550191,74.3799423356973,14.0131688273862,1,27423.6821829953
730,31,150.657416848012,61.1224205796834,14.8229973387336,1,18559.2313210171
731,28,170.460878996001,63.7449166954598,15.8849908673406,1,14708.3685147479
732,38,173.175418471738,76.5846760592253,17.1203612282267,1,17224.8090500382
733,38,170.613059884347,67.6783416936898,17.4422218994315,2,22055.0738431998
734,42,181.124594334662,74.1285110652982,18.9383785842273,1,26794.8293107113
735,41,174.31755934913,67.973405277388,17.5350620095425,1,27871.2592452384
736,34,172.653333292365,68.882902264605,12.6075681414647,1,17772.1237514722
737,42,160.475396717357,67.4737345943947,16.6684323978768,1,22788.92190866
738,27,165.68542591848,63.5186967936714,14.7306552143594,0,18298.8140808398
739,28,177.973998794863,68.6364198506882,16.3418947412424,1,21475.4289755059
740,33,162.372284150561,66.1567287703416,14.6141143520433,1,18640.6365383395
741,37,160.969979644175,66.4509255398236,11.424289408566,1,22283.1338398858
742,37,158.67842500074,53.8716426001447,14.6371990245834,2,17380.2908303402
743,38,172.376202265752,62.910743769781,15.3245996009339,1,23215.6595417029
744,33,153.07732974765,57.5565322973303,17.4664435438418,1,25681.3157027552
745,30,161.220733619902,64.7806379934273,15.0081131921805,0,23811.4612012555
746,33,175.535666583603,62.421158700959,13.9089248507475,1,23382.1875876925
747,31,167.235410900034,64.5993506324613,14.2983204876048,1,19889.9975266617
748,27,163.476716658422,71.7113093001923,15.0051072101845,0,17692.0751216432
749,39,167.095988802027,78.0938773613812,15.3123560519851,1,25224.0333844799
750,46,153.845199562911,52.5494662987875,15.4153060536692,2,21535.5413099167
751,30,151.635461188355,56.3022915555456,16.5025507730586,0,19133.5852378863
752,39,165.769871552904,61.6344713120077,18.106361833422,1,18760.0537273849
753,40,167.978801762163,55.7642988825356,17.1500323956101,1,21010.3568599734
754,32,160.328768631977,62.4965511927314,16.6592810948656,1,16076.2692302829
755,48,159.059711028991,53.9494645912998,15.625642905815,2,22012.7347273761
756,30,175.763215821928,82.2456829653124,14.6538681293818,1,20724.3554307657
757,37,168.225233641077,62.1855374726124,16.1413729952006,1,15980.8040994372
758,42,172.426193152649,67.8608726075282,15.7900980926971,1,23368.6043286598
759,33,190.649246760428,77.0361005432366,16.8379801093988,1,21370.3620227143
760,28,172.628546962412,64.5995637305662,17.1977264948424,0,20589.5471145039
761,35,182.204749134592,66.1698708453032,16.825822191815,1,23637.5660250842
762,34,170.428461232141,75.254284286143,18.7939414146498,2,24936.787039321
763,24,176.439723752942,78.5710090520864,16.8621365050534,0,20261.0409576581
764,33,162.010636990223,56.0326991739954,14.2742796777749,1,24268.4095806348
765,35,177.733081480081,72.1477533158963,17.8823962456507,1,21536.817046401
766,39,173.056153262747,64.4279884335135,16.595992544529,1,22939.3026852907
767,39,154.466812649834,55.1815229046572,16.8214427940016,1,21974.9023782626
768,35,175.423186577815,72.1995523074988,17.4666540150058,1,19401.5804704745
769,34,168.444259892089,68.0457819506705,15.1697938628882,1,21525.3776290456
770,37,169.889141408695,62.0858807720876,18.4324352378562,1,25843.6062830756
771,30,157.778003820337,60.7669634972374,15.2053287535121,1,23459.7809501898
772,32,170.608258665721,81.9100865348477,13.9161103271863,1,23146.3363546547
773,32,168.672763015637,69.5307672768974,16.9422982108358,1,15726.1282228355
774,47,163.618959154498,73.4433452705095,15.4032167840289,2,31413.5800755471
775,34,145.706430939758,52.0289078875453,17.3848054762882,1,20717.6043118657
776,39,155.200523950639,67.9678082134021,16.6581381965504,2,21721.0304149552
777,32,146.032364887152,55.2685087518303,15.8328563069832,1,20590.458121986
778,32,183.075877725136,70.597793748279,14.649907165399,1,21036.0075833003
779,42,166.671379024468,63.3643578725734,13.1220757483097,1,25507.1378337876
780,36,150.82506897082,63.315573085693,15.6066829125749,2,22054.1938295122
781,38,163.519395745042,63.641466171212,13.0211076564322,2,19249.3650599542
782,27,153.258205981645,68.5021774890458,15.0830382808454,0,18972.7723196786
783,34,163.611504695536,65.5780054218834,13.8068898948837,1,21091.9229312756
784,28,162.476720159933,84.2783505961315,14.8047102292026,1,15370.6594713065
785,39,171.137706615258,70.6583138765001,17.3509811187765,2,22327.2204676498
786,45,177.641116841098,73.6368408585084,18.0035794458266,1,28760.0251603587
787,38,152.629871323256,55.832878175465,16.2420064106478,1,17911.3937084244
788,43,166.894316287086,62.1008417945404,14.4838809138145,2,17921.3852547002
789,44,178.991303548559,70.8277027041916,15.6948620007278,2,23677.8418502835
790,33,164.26247302042,57.0733120170024,16.8459918206046,1,19790.438729653
791,36,166.641013017638,62.8266715587468,14.2388701296548,1,21191.6206169311
792,40,167.095452225496,73.6033085876002,17.3577178651505,1,23354.3351648031
793,37,156.831136508059,60.6417469882855,13.8394442004669,1,19387.7521453244
794,36,148.076990265482,66.3244818710522,16.4818159101919,1,22708.5455040418
795,40,162.763952076475,69.7060245543543,15.0563970844753,1,20679.3312375506
796,34,168.373141104933,63.2810904451396,15.6313722239969,1,22474.2475287829
797,40,178.077204001383,67.9278703007267,15.7340240937647,1,27688.7071257401
798,38,168.092896845564,66.9168100050705,16.8041854612574,1,20624.3724850818
799,41,154.131175692816,62.3471830459093,15.2335305309769,2,21800.9029386313
800,41,174.685444552634,68.9718489189464,16.0318532282756,2,19432.3784915769
801,38,158.764210428225,60.2744536869268,15.8989828430913,1,21217.0530003705
802,44,149.084295385931,57.3560795101558,15.8196894805322,1,27906.2194417448
803,34,167.988531331574,56.6678738646621,19.2624867182023,1,28676.3506133027
804,37,168.533029003434,69.2025499051723,14.2368893572966,1,17897.6725031935
805,44,168.651059950969,71.1630880188489,16.7802967848212,2,30121.3639256291
806,31,163.88350319234,58.9832802720054,17.8404674030632,1,21278.7725312723
807,29,169.622660431674,61.8414263149914,16.9505464626427,1,21408.8450401029
808,37,168.775862840176,60.5174069069359,15.5461701049992,2,20982.7960429014
809,31,161.487693750287,60.9325218146742,16.1381271009946,1,21642.8518911135
810,29,158.230013462904,56.1903659221599,13.5180436035362,1,19303.1569336244
811,39,160.106794307352,69.2544778017337,18.1101997848229,1,21606.6040840388
812,41,167.097233660884,64.7549229943061,15.664209057106,3,22518.3701375034
813,30,165.722216304163,74.4004448857778,15.6041819947899,1,16453.7047747855
814,31,156.26475088276,68.5461812055999,15.3438198434599,1,21586.5743943995
815,29,167.117850874338,65.3703758251141,17.6247217320606,1,16778.2733047558
816,35,152.045769115683,51.6963364224725,17.7811092185752,1,17771.9953241878
817,39,164.385950361702,59.4679167013046,12.4663065848667,1,22428.4047028885
818,34,165.293672468192,73.1516157089992,16.2328845609709,1,23119.0393329602
819,31,151.114497449358,55.8349089058492,16.5796632575974,1,19867.2095203168
820,26,159.891718692336,60.9233383002827,16.5240125999356,1,19631.9822342118
821,37,166.268741974162,71.2956436950653,16.5414496349134,2,22838.1707803465
822,36,170.820025315061,68.8194146983164,15.1351366757369,2,18821.0661385722
823,38,159.453802893405,61.4947763005712,15.4164436465422,1,24993.6362081141
824,25,164.623717355689,64.7777519318945,15.2872707759422,1,11182.5026819176
825,35,172.262707006343,61.4814214463808,16.1284166582651,1,23118.5850231957
826,47,157.947793453167,58.5624980596896,16.8672061956122,3,20751.1420804974
827,49,171.693451277319,75.8206775286735,15.0551225557333,2,23385.3692159151
828,47,170.060229914011,64.2596867854757,15.0436311577054,2,21228.5265859714
829,42,171.939966141641,66.8352607348194,17.7137688995131,2,19998.3219702019
830,34,166.591822608531,70.8653602738896,15.7887565571965,1,18521.2168785263
831,27,189.638043848756,79.3857743594648,12.6495309597483,0,23863.7808760876
832,33,174.362393908408,60.9766725016053,17.9405301977587,1,16930.0388036363
833,35,150.654288000433,57.8985010447744,16.5516242059345,1,18600.6429020956
834,28,169.463199453016,63.0684941313992,16.844203339607,1,21194.0520251541
835,41,162.874507836578,68.0002160520307,16.5030249724279,2,23350.9834991387
836,38,159.710168865932,60.1008937332264,16.2256898005498,1,17561.1639631002
837,35,168.647460946208,64.903922719288,16.6772465817343,1,24618.5968687209
838,47,169.325150502052,70.2432157651091,18.3627448406019,2,27914.3468965548
839,39,159.848799782988,57.0671024898707,17.2928497154805,2,24607.44784171
840,34,171.565104900253,65.9004390724621,14.2200678147729,2,23266.348600464
841,44,161.302491846916,62.8971854921767,18.2669021740091,2,22540.3415460198
842,39,170.168367338784,65.0111394038733,15.0971353124924,1,23518.7368501518
843,36,177.136164719676,72.4495529980655,14.3989264987845,2,13237.4243793369
844,31,158.710013572094,68.683347028707,14.07332265117,1,22026.2330077381
845,26,153.544491605003,53.1654707830231,16.8654298126754,1,18645.0750078835
846,41,163.322204027437,66.7102960227378,13.9286912652415,1,25126.9944606154
847,44,171.661876409148,71.6180103705328,14.8094480418707,2,18807.1158153491
848,35,159.245281811184,52.5389776420911,14.7386706443127,1,22430.9883618549
849,36,160.830727701203,55.6428624023355,14.4347246771026,2,14176.9479280719
850,38,163.19264236539,59.6997288781687,18.4222815824784,1,25525.387640597
851,30,155.491422405118,47.7823278869153,15.9493504092956,1,22035.8648417726
852,40,169.185013647657,58.2283588631112,16.3819676603127,1,29476.2629689504
853,41,174.996367229438,66.7622827917144,15.3246680902371,2,24475.345892434
854,41,152.36576345043,60.1123097312752,15.164002721143,2,23246.8342704933
855,47,164.354860494574,70.9947817182128,13.5350417417722,1,26430.1081539432
856,29,160.840881169941,60.428142033762,15.2276890808824,1,13902.4327509609
857,27,174.512992948883,62.8100288522429,17.484704652785,1,16969.8887343478
858,40,154.154097190147,52.4601520384692,16.0017387200924,2,18749.9547498131
859,33,164.98513096298,67.7333968274445,17.597592989515,1,25086.4126348026
860,44,160.343766947279,59.5979036034637,16.688291768857,2,22798.7436149991
861,39,162.633160891623,66.0362672608622,13.7633493140916,2,22644.2697603937
862,29,149.244655417928,52.7250387330648,14.8214657597136,0,23670.1564067749
863,39,170.029960283699,64.48848096974,16.6953369404311,2,19504.758231467
864,47,172.264908179119,62.9306593005251,16.2157822261126,2,23874.1263975947
865,35,168.655483733852,70.3970222301175,16.1412764051623,1,17898.9229103952
866,29,141.039894317224,50.6732245770872,14.87945447259,1,17754.9038314484
867,31,184.823172366495,85.2790186038505,13.73062516356,1,26223.6787451786
868,46,168.579320481967,68.3805760757608,16.2094205114416,3,20776.8172323919
869,45,167.787273445933,70.2787160458688,17.1094006268062,2,19411.8638036969
870,45,174.039920197538,64.9856462534678,17.0242663424356,2,22859.3898121586
871,35,161.110273523191,66.7194095356578,16.5925823838868,1,21085.7143010552
872,38,183.187003218624,89.4684484076382,14.840200747423,1,24282.4933955763
873,34,172.96374113211,73.7528733536633,15.0214037547259,1,20487.6794773822
874,47,166.466964239526,73.0314248455639,18.9865457149559,2,29795.229584529
875,39,160.127850060657,66.1465658684209,16.7533321326789,1,21693.0942693699
876,35,168.913681833793,73.743362024705,16.2009998292897,1,23939.9933488406
877,34,164.017199049092,65.6041605925971,16.7082489788813,1,18029.9898842848
878,38,162.328271934453,54.6332027500215,16.9105246177054,1,24699.1140845013
879,29,160.1088496624,53.8844848025477,15.4321043882126,1,21084.6376719861
880,38,170.233584681639,70.5622246031806,16.0048193346655,2,17497.7481748941
881,31,153.319222655669,45.1835476640595,16.6144354968354,1,23211.6158893618
882,31,176.648576275836,76.0040725725078,13.3116482071526,1,17801.6294851993
883,40,166.512259525078,66.88549972994,16.7676421775518,1,23716.4441997342
884,39,165.386185836703,76.4494530476818,15.4393777930715,1,24698.8319818601
885,30,164.265933853132,77.9048981826119,13.8608721654657,1,14951.2592811048
886,39,164.538636500954,65.7600145341097,17.8050588649154,1,22191.7296291117
887,39,158.794192681326,71.1749942649895,15.6070175156718,2,16885.6213518165
888,30,155.008950553616,54.9954468605745,14.9290424910664,1,17256.7042829011
889,37,160.084042329488,64.5643113518823,19.475854210166,1,27999.8468526194
890,24,172.056267118404,67.8074465391806,19.3076259323207,0,23564.297186176
891,25,167.503371877209,68.8928747124237,14.0507959001809,0,20446.5140629709
892,50,168.426512245674,69.4959379924542,14.319268262038,2,29935.177368451
893,31,169.132714263526,68.7152776213209,12.7577126150717,1,15059.5286610236
894,31,145.536032849073,63.9754238596921,14.8415049481783,1,22502.6272354351
895,36,147.494138342536,57.1546867199533,15.7014601975899,2,19772.7123734776
896,34,171.578449457524,84.0674134744232,16.0283866108455,1,20910.6332274544
897,23,176.492565075618,63.1001907041849,14.0349529444183,0,14414.6107691154
898,36,154.532344593218,49.7740278667076,16.9678438156207,1,20179.1506725639
899,32,154.992455257735,61.5994581004794,17.1329468820303,1,20070.6768576305
900,40,174.01688946929,66.8019354615439,14.1786927600297,1,18074.6019008899
901,31,163.133159127998,71.2807494730096,13.568406045255,1,24137.1279427438
902,31,163.722232045574,66.7250416641716,16.3634904583823,1,23334.3200123386
903,42,164.588548514409,63.7415047073942,14.2156870664643,2,25297.6421791372
904,30,158.055657761351,65.7054780823563,16.7860320288645,1,18078.7845013061
905,30,161.85481259368,63.0942652764807,15.7041365674534,1,15926.0210425304
906,44,177.660241360416,67.1860537653136,15.0039452155283,2,25818.528424611
907,39,148.990932622174,65.9335195198533,18.065690947483,2,22799.6135311096
908,40,159.827592412751,64.436901002056,16.8906851048491,2,24338.6814377276
909,43,169.849103100928,72.0541084692078,15.8331427616098,1,24054.7210384742
910,37,166.014574996464,77.6138762173503,16.7031948143631,1,25345.548083422
911,40,162.754662702674,60.3783484923481,13.8333767999764,2,18132.7139645347
912,39,148.920696189273,53.3351501309245,15.9930805435296,2,24292.8500847676
913,19,152.65099800248,63.1619978942033,12.2183091659502,0,14835.5682349153
914,33,161.504874721286,57.1085245220606,16.5670060811437,1,18371.6051612163
915,36,172.433227473783,72.2224662394443,17.1221977663409,1,24038.3518218292
916,30,159.624882008283,64.9881217627358,16.2295135487306,1,21788.7871086607
917,31,170.169066679482,72.3051601437145,16.1244180950683,1,24542.9221435229
918,25,159.12073695855,62.4744616642386,16.1731376127852,0,17060.812864557
919,29,174.121122173878,82.3129729975077,14.1607596899923,1,16901.7621666442
920,38,159.993902305397,68.9755794552634,15.1766820255569,1,21270.2879688932
921,31,165.957361086567,61.9587531296667,16.7508528602777,1,21152.7664752985
922,20,181.009372257968,77.0700106503339,14.0276917940023,0,14750.3559392268
923,38,165.497870641421,74.4046821948165,16.1609391321669,1,24208.8733122608
924,34,159.88972561954,52.3315089290608,16.3706514208196,1,21571.9850073278
925,34,175.567030598628,63.1697185166614,18.8887502181661,1,19652.9734815797
926,30,156.379910674337,64.5522093312454,14.9144702814996,1,22314.7816131433
927,43,157.367179195858,59.7644895092401,14.4185867863512,2,21020.6033670924
928,35,170.405973818952,62.613254512886,14.8540678377404,1,17311.3168544591
929,38,166.59685513054,62.7580315921498,15.4850363996547,1,21013.9517281215
930,34,150.750428229878,59.7120364116161,15.1701736658519,1,15911.5692581546
931,38,167.931792033903,58.4574547293095,13.4542765742048,1,22119.9152956914
932,57,158.934049659314,69.3347341906919,15.4074710460575,3,21517.8794264861
933,27,168.580112990591,70.7752446636156,15.9336170860251,0,18506.4049787984
934,36,158.009044412542,57.4285463061202,14.7734959319139,1,19556.058559262
935,28,156.830277546403,49.3178432459958,17.4022614061067,1,15468.1604654344
936,30,183.782116814828,70.1189079682705,16.1095643549823,2,21540.8221030215
937,33,163.698196449626,65.7930066940562,17.2498461515748,2,23662.0986908284
938,34,178.300653760163,68.7663928842983,14.6946705638686,1,20346.0521123721
939,37,154.314374356181,56.5537262649539,14.0032508940301,1,22989.0910457057
940,32,163.364629011487,54.9660465044279,13.7889055843817,1,22196.4952087203
941,33,182.788513825869,72.3531732152908,16.2112858071718,1,12267.6278435441
942,28,164.802876342918,70.9814861215088,16.0269049066267,1,20171.1613523464
943,37,160.214773781876,70.4188551422932,15.2866965097571,1,22663.6354661155
944,38,160.947836066896,63.9635936788222,16.3439102107303,1,22064.5573499642
945,33,160.134138850495,58.5388983457918,15.0441051355184,1,22739.5098355014
946,47,160.829313609652,65.2852045611509,17.1831395745905,2,24908.9568402494
947,41,160.456189788945,51.8636275319504,14.6254472995606,2,19640.6076555436
948,33,163.102895408091,64.7091607045888,18.3506944131498,1,22634.4541363568
949,45,181.558581429229,66.4965300348538,14.9845184585205,2,20722.3102884973
950,37,164.494512049976,50.3758065930468,16.4573921993132,1,29215.0896445343
951,32,177.137883818686,62.7559192272775,19.2635614142134,1,22284.1748380078
952,31,170.422345047636,64.3694649516798,20.7253907470455,1,21356.7671331725
953,31,155.206958064175,65.6966496193429,16.8537845097105,1,15313.5003760008
954,34,170.910741454803,60.6431677116639,14.9309981704101,1,16510.5726403684
955,38,171.071304555889,66.4000283690307,19.442485565209,1,21784.4093368016
956,32,158.757713522211,64.8575813936432,14.7262359359906,1,24757.1382776583
957,38,146.602409054084,56.3748103166917,15.2297303459147,2,23011.8505657001
958,43,173.51303606001,68.2313617838116,16.6308451299184,2,25867.4354001858
959,35,157.191580294888,53.599365881036,16.0824663638349,1,22471.6764538358
960,29,152.480207357647,54.1320857737604,11.4156116545547,1,19489.8294479489
961,37,164.633506900147,71.3725399043018,14.818269154343,2,19714.0652850527
962,29,163.171822656048,67.0447382975106,15.3793672857728,1,16278.8174771456
963,32,170.593543498072,61.8754282225079,15.0163621029834,1,23899.3986597864
964,31,186.719480457506,70.3794373904048,13.9960409356302,0,17460.1618938359
965,33,165.613978563378,67.3354040784445,13.7926785773407,1,21855.9114477364
966,39,164.013990662229,65.4400627358829,17.4707792653386,1,20721.8480245037
967,30,154.116841942681,76.7506640447063,15.8485155193127,1,20421.2640003191
968,33,155.205911426238,66.5889031465558,14.8706472269713,2,20728.4718710062
969,34,168.051311679145,55.4530572442709,16.6853568320437,2,19297.4347615699
970,29,159.471914244481,62.0846518845535,16.5744801289143,1,15536.3381963822
971,37,168.81903754277,69.5556576164779,18.0225794116733,2,21152.2026307865
972,46,166.880282164721,68.0127726344354,16.2314117670768,1,24337.8270351863
973,29,162.381464924863,74.5246948601263,15.1495381586704,1,20968.5643523045
974,35,165.379017709301,60.4217878544339,14.9181925573581,2,24200.9116255819
975,44,170.527986549525,67.3052795907401,15.6885853179144,2,23352.4867542545
976,28,162.395782972162,61.3658971156626,18.0253210212648,1,17617.1327768078
977,32,148.789042557272,58.2068737683734,15.6992072613184,1,18382.8626526888
978,34,162.403240559146,62.5730589514326,17.0101376544611,1,21936.6048025813
979,40,157.259144017195,54.2146328890205,21.0441780229494,1,28720.8847345445
980,50,158.609389903692,56.5606027077466,15.4021901054984,2,22892.8244306388
981,31,167.266916831892,71.1097254712925,17.2248670581964,1,20447.4505061025
982,34,175.839067362549,58.492964583502,18.5078576202611,1,19658.107492972
983,36,175.187086403401,71.324632566445,14.1818235512504,1,24423.7839557919
984,33,158.164893520859,59.4059836225692,17.2443140044123,1,23222.5181370712
985,34,162.230009568428,60.0184895072185,16.794709915739,1,18289.4550153181
986,31,162.776998826461,62.3266355843525,16.1637384730404,1,21246.5516149884
987,29,162.573251866154,67.4512770841129,14.4907969793588,0,27225.8728043254
988,32,155.979319423805,66.9920477844721,15.9288763616557,1,22400.2999596612
989,29,159.829179628981,64.5556799621652,17.2344929174027,0,18024.9445256326
990,29,145.759151735927,57.7767927980876,16.3547260127321,1,23511.5703020216
991,27,163.858165873536,70.2626299202075,14.7904012833978,1,21557.3631372677
992,29,178.558621998364,69.7922644139123,14.8370895960226,1,16013.1233164616
993,30,167.176272959633,61.4323590674412,13.3625920092728,1,16563.6595010063
994,32,170.190798957827,62.7210967447474,17.1425423174061,1,14967.3800204209
995,35,166.604002648344,65.2123859173096,15.750948129315,1,19810.3569452485
996,48,164.208784580843,64.5521061641986,16.9010449318927,2,26403.5199140949
997,31,156.449978036665,56.6679673673119,13.5014908676426,1,22209.4675512542
998,46,167.578053667328,63.5946825766761,14.3592679212147,1,23735.4267832234
999,31,173.291962098437,64.6714404672748,18.215350241869,1,23058.6047753779
1000,42,167.740282629717,64.4251818364041,14.8689335856447,1,29462.0759794139
